SPS_L,NumRadicalElectrons_L,MaxPartialCharge_L,PEOE_VSA1_L,PEOE_VSA10_L,PEOE_VSA11_L,PEOE_VSA14_L,PEOE_VSA4_L,SlogP_VSA1_L,SlogP_VSA12_L,TPSA_L,EState_VSA9_L,VSA_EState2_L,VSA_EState4_L,NOCount_L,NumAliphaticHeterocycles_L,NumHAcceptors_L,fr_Imine_L,fr_allylic_oxid_L,fr_bicyclic_L,Ligand ID,ln(dr),ODI_HOMO_1_Free,ODI_HOMO_Free,ODI_LUMO_Free,ODI_LUMO_Add1_Free,ODI_Mean_Free,ODI_Std_Free,AtomNum_Free,Weight_Free,HOMO_Free,HOMO_number_Free,LUMO_Free,HOMO_LUMO_Gap_Free,Farthest_Distance_Free,Mol_Radius_Free,Mol_Size_Short_Free,Mol_Size_2_Free,Mol_Size_L_Free,Length_Ratio_Free,Len_Div_Diameter_Free,MPP_Free,SDP_Free,Dipole_Moment_Free,Quadrupole_Moment_Free,Octopole_Moment_Free,Volume_Free,Density_Free,ESPmin_Free,ESPmax_Free,Overall_Surface_Area_Free,Pos_Surface_Area_Free,Neg_Surface_Area_Free,Overall_Average_Free,Pos_Average_Free,Neg_Average_Free,Overall_Variance_Free,Nu_Free,Pi_Free,MPI_Free,Nonpolar_Area_Free,Polar_Area_Free,ALIEmin_Free,ALIEmax_Free,ALIE_Ave_Free,ALIE_Var_Free,LEAmin_Free,LEAmax_Free,LEA_Ave_Free,LEA_Var_Free,ODI_HOMO_1_Res,ODI_HOMO_Res,ODI_LUMO_Res,ODI_LUMO_Add1_Res,ODI_Mean_Res,ODI_Std_Res,AtomNum_Res,Weight_Res,HOMO_Res,HOMO_number_Res,LUMO_Res,HOMO_LUMO_Gap_Res,Farthest_Distance_Res,Mol_Radius_Res,Mol_Size_Short_Res,Mol_Size_2_Res,Mol_Size_L_Res,Length_Ratio_Res,Len_Div_Diameter_Res,MPP_Res,SDP_Res,Dipole_Moment_Res,Quadrupole_Moment_Res,Octopole_Moment_Res,Volume_Res,Density_Res,ESPmin_Res,ESPmax_Res,Overall_Surface_Area_Res,Pos_Surface_Area_Res,Neg_Surface_Area_Res,Overall_Average_Res,Pos_Average_Res,Neg_Average_Res,Overall_Variance_Res,Nu_Res,Pi_Res,MPI_Res,Nonpolar_Area_Res,Polar_Area_Res,ALIEmin_Res,ALIEmax_Res,ALIE_Ave_Res,ALIE_Var_Res,LEAmin_Res,LEAmax_Res,LEA_Ave_Res,LEA_Var_Res,ODI_HOMO_1_CoL2,ODI_HOMO_CoL2,ODI_LUMO_CoL2,ODI_LUMO_Add1_CoL2,ODI_Mean_CoL2,ODI_Std_CoL2,AtomNum_CoL2,Weight_CoL2,HOMO_CoL2,HOMO_number_CoL2,LUMO_CoL2,HOMO_LUMO_Gap_CoL2,Farthest_Distance_CoL2,Mol_Radius_CoL2,Mol_Size_Short_CoL2,Mol_Size_2_CoL2,Mol_Size_L_CoL2,Length_Ratio_CoL2,Len_Div_Diameter_CoL2,MPP_CoL2,SDP_CoL2,Dipole_Moment_CoL2,Quadrupole_Moment_CoL2,Octopole_Moment_CoL2,Volume_CoL2,Density_CoL2,ESPmin_CoL2,ESPmax_CoL2,Overall_Surface_Area_CoL2,Pos_Surface_Area_CoL2,Neg_Surface_Area_CoL2,Overall_Average_CoL2,Pos_Average_CoL2,Neg_Average_CoL2,Overall_Variance_CoL2,Nu_CoL2,Pi_CoL2,MPI_CoL2,Nonpolar_Area_CoL2,Polar_Area_CoL2,ALIEmin_CoL2,ALIEmax_CoL2,ALIE_Ave_CoL2,ALIE_Var_CoL2,LEAmin_CoL2,LEAmax_CoL2,LEA_Ave_CoL2,LEA_Var_CoL2,Surface Area_CoL2,Surface Volume_CoL2,P_int_CoL2,Vb_R2.5_CoL2,Vb_R3.0_CoL2,Vb_R3.5_CoL2,Vb_R4.0_CoL2,Vb_R4.5_CoL2,Surface Area_Free,Surface Volume_Free,P_int_Free,Surface Area_Res,Surface Volume_Res,P_int_Res,N_Mulliken_CoL2,N_NPA_CoL2,O_Mulliken_CoL2,O_NPA_CoL2,Co_Mulliken_CoL2,Co_NPA_CoL2,N_Mulliken_Free,N_NPA_Free,O_Mulliken_Free,O_NPA_Free,N_Mulliken_Free.1,N_NPA_Free.1,O_Mulliken_Free.1,O_NPA_Free.1
15.06666667,0,0.234992299,4.736862954,12.30080996,0,0,0,0,0,34.48,4.736862954,8.746117252,1.805,3,1,3,1,0,1,L119,0.04,8.55,9.12,9.21,9.61,9.1225,0.378508586,25,198.22105,-0.231861,52,-0.062113,0.169747,23,6.352,4.184,7.938,12.646,0.510578165,0.995434509,0.355188,1.783836,0.900772,22.215452,163.0657,1608.34734,1.3811,-54.47428,23.03503,829.08403,407.92489,421.15914,-0.00334976,0.01780833,-0.02384298,0.00043157,0.15928381,0.02094111,0.56800549,96.55,135.62,8.2614,14.89571,0.41199548,0.0018408,-39.57584,-13.07286,-0.8501497,0.054276,8.15,8.74,9.18,9.5,8.8925,0.506526159,25,198.22105,-0.225431,52,-0.064259,0.161172,24,6.34,4.199,7.941,12.625,0.509792045,0.995662461,0.356447,1.808723,3.188444,23.253085,146.5817,1607.12399,1.3821,-73.68832,24.90144,829.32628,418.6441,410.68218,-0.0038667,0.01880282,-0.02697572,0.0007833,0.10889193,0.02305532,0.6217811,96.16,136.07,8.07148,14.83438,0.41225273,0.00202211,-39.47823,-13.07357,-0.8479424,0.053644,28.58,27.96,8.6,9.65,18.6975,9.58220323,28,259.17013,-0.231101,337,-0.092887,0.138214,24,6.34,5.201,8.642,12.496,0.474429553,0.985488959,0.505595,2.797328,12.184876,48.029219,214.2337,1929.0671,1.5055,-69.6507,39.69588,951.0554,613.13481,337.92059,0.0002995,0.03120856,-0.05578297,0.00166504,0.13903,0.03985403,1.08682592,60.36,205.97,6.505,15.52576,0.39529567,0.00675783,-39.22176,-10.14066,-0.7296364,0.051359,288.2,282,19.2,0.377962625,0.362112634,0.342323192,0.317434517,0.288172434,255.5,241,18.1,258,241.1,18.3,-0.514277,-0.505865,-0.477977,-0.51717,0.041789,0.53062,-0.462573,-0.491945,-0.479963,-0.53279,-0.4579735,-0.48047,-0.491086,-0.54483
38.6440678,0,0.200504992,9.473725908,29.7066049,0,0,0,0,0,43.18,19.45853537,11.32282736,11.33150358,4,2,4,2,0,6,L101,1.39,6.21,6.76,6.7,10.14,7.4525,1.566227554,117,779.06325,-0.219183,209,-0.00574,0.213444,88,10.646,12.906,16.421,21.257,0.420231694,0.99835619,2.257685,10.583549,2.65471,14.810813,390.1531,6554.86901,1.3318,-51.32592,20.78703,2762.19288,1538.95062,1223.24226,-0.00303921,0.00859346,-0.01767417,0.00031137,0.12427892,0.01325927,0.3432681,557.09,216.4,8.24659,14.71419,0.39971865,0.00124942,-42.64605,-13.20511,-0.7674944,0.036535,4.66,5.87,11.94,11.07,8.385,3.164178408,117,779.06325,-0.218948,209,-0.005375,0.213574,88,10.903,10.04,13.163,21.612,0.482249247,0.991103366,1.882127,7.636606,0.565828,22.987177,405.4279,6518.37373,1.3393,-81.19567,19.37489,2515.11078,1390.87735,1124.23343,-0.00335975,0.00920386,-0.01890318,0.00064276,0.08444467,0.01436305,0.36842516,495.81,208.49,8.1026,14.75486,0.40046747,0.00128581,-42.54351,-12.97266,-0.7714811,0.036067,5.73,25.7,6.86,5.18,10.8675,8.584938483,120,840.01233,-0.222247,1206,-0.035284,0.186963,88,10.903,10.046,13.164,21.612,0.482173932,0.991103366,1.881327,7.638114,9.528871,42.189262,399.1725,6854.41975,1.3733,-74.15634,30.10794,2528.86523,1331.37581,1197.48941,-0.00352842,0.01620134,-0.02546409,0.00108849,0.13642919,0.02112625,0.56021478,392.84,315.32,6.21833,15.23091,0.39496921,0.00262248,-42.1281,-11.77371,-0.7390309,0.028923,867.2,1023.7,24.5,0.434773408,0.450713275,0.476676062,0.501117249,0.517521817,913.4,999,22.4,852.8,987.5,23.8,-0.465471,-0.55535,-0.4927585,-0.540935,-0.02427,0.53248,-0.428234,-0.54154,-0.492472,-0.551655,-0.421486,-0.51625,-0.504435,-0.56697
14,0,0.097553769,0,0,0,0,0,15.33117466,7.921588092,29.1,0,0,1.180057634,2,0,1,0,0,0,L53,-1.16,23.61,19.2,10.97,6.46,15.06,6.72551485,56,409.52466,-0.213782,109,-0.018554,0.195228,49,7.828,8.093,12.276,14.608,0.417645882,0.933060807,1.303242,5.464278,4.763721,17.555052,66.7127,3496.74624,1.3124,-54.55534,25.49249,1528.80122,838.12509,690.67613,-0.0012236,0.01356981,-0.01917519,0.00041774,0.12150713,0.01624563,0.43816272,248.88,179.23,6.82827,13.704,0.39927806,0.00178949,-37.90065,-12.92882,-0.7416979,0.029786,17.38,24.07,6.84,6.86,13.7875,7.32962951,56,409.52466,-0.199064,109,-0.01785,0.181214,48,7.49,7.604,12.327,14.962,0.428796607,0.998798398,1.203245,5.073093,6.215505,28.378528,347.735,3497.59924,1.3121,-55.72895,44.88581,1499.12264,818.84289,680.27975,-0.00135534,0.01833673,-0.02505841,0.00061338,0.19005368,0.02153772,0.58196801,185.39,234.4,6.36272,13.64391,0.40075713,0.00172897,-37.92179,-12.86156,-0.7331159,0.028674,13.74,26.71,6.39,6.44,13.32,8.288965557,59,470.47374,-0.226691,620,-0.050479,0.176212,48,7.49,8.456,12.373,14.966,0.418103087,0.999065421,1.360786,6.138606,13.406896,43.128895,445.8662,3787.78833,1.3919,-66.34769,56.14838,1570.88316,955.05691,615.82625,0.00041271,0.02557813,-0.03861518,0.00138514,0.16383212,0.03060166,0.8350898,149.94,289.95,6.53157,13.7972,0.39377951,0.003408,-36.81837,-10.63582,-0.7054657,0.028414,516.7,566.6,22.2,0.420627686,0.436149806,0.441623183,0.438753026,0.429467697,491.4,526.6,21.1,495.8,527.3,21.6,-0.784382,-0.90239,-0.61839,-0.93971,-0.274416,0.36376,-0.731988,-0.89778,-0.670871,-0.97835,-0.713464,-0.88619,-0.640965,-0.96001
30.22222222,0,0.273012984,9.473725908,13.21376393,0,0,0,0,0,43.18,9.473725908,9.198105631,0,4,2,4,2,0,0,L130,0.29,10.8,11.19,15.88,5.42,10.8225,3.704756234,42,252.3531,-0.242986,69,-0.035825,0.207161,39,8.163,6.093,8.199,16.306,0.532910648,0.99877496,0.844707,3.706889,0.644808,25.01239,90.2406,2326.53335,1.2155,-53.50651,19.42817,1145.91839,752.72471,393.19368,-0.00075174,0.01248053,-0.02608341,0.0005819,0.0771996,0.01739216,0.46662136,205.34,115.55,8.43868,14.45068,0.40947038,0.00103514,-39.65176,-13.12995,-0.7524491,0.047101,10.1,12.32,15.41,6.82,11.1625,3.137167313,42,252.3531,-0.230576,69,-0.035398,0.195178,41,8.202,6.106,8.142,16.385,0.534880684,0.998841746,0.850098,3.748791,2.090411,22.321094,88.9454,2325.00936,1.2163,-70.34737,22.46403,1143.48616,723.84356,419.6426,-0.00167253,0.01286016,-0.02674003,0.00067708,0.08873005,0.0184453,0.48854955,192.44,127.76,8.30212,14.39566,0.41036657,0.0011675,-39.84914,-13.19669,-0.7557309,0.050148,28.09,27.18,13.95,8.65,19.4675,8.385870184,45,313.30217,-0.232173,424,-0.07929,0.152883,41,8.202,6.644,7.958,16.387,0.528800542,0.998963667,0.901663,4.295001,10.498072,43.524917,73.8904,2635.20449,1.3323,-66.52751,36.6249,1225.70258,825.88288,399.8197,0.00146705,0.02492428,-0.04698711,0.00143804,0.1355801,0.03162758,0.87405944,107.26,235.97,6.51626,14.87807,0.39916225,0.00456071,-39.60109,-11.10826,-0.6939953,0.040795,388.3,399.1,18.3,0.405114598,0.407162545,0.399453736,0.382750916,0.357095563,368.3,357.1,17.3,370.5,360.4,17.3,-0.460573,-0.525045,-0.472723,-0.50072,-0.0507,0.52684,-0.432788,-0.50195,-0.4907275,-0.53369,-0.4365325,-0.510765,-0.487945,-0.526245
20.59649123,0,0.199782112,9.473725908,29.7066049,11.79549069,0,0,0,0,43.18,19.45853537,10.98620739,9.729222199,4,2,4,2,0,10,L164,2.57,4.63,4.69,6.83,6.92,5.7675,1.108160074,99,738.91473,-0.189253,195,-0.061389,0.127864,91,11.462,9.785,13.71,22.765,0.492109814,0.993064038,1.43615,7.278343,3.634544,28.139957,652.7388,6052.66341,1.368,-44.77625,22.56012,2548.09038,1179.31475,1368.77564,-0.00313445,0.01416206,-0.01803685,0.0002415,0.20601598,0.01617732,0.44200833,370.31,343.23,8.27032,14.56741,0.40242674,0.00147598,-41.4237,-13.10175,-0.8291824,0.045247,7.15,7.11,6.88,6.9,7.01,0.121037184,99,738.91473,-0.188248,195,-0.05957,0.128678,91,10.578,12.122,12.649,20.959,0.458320577,0.990688221,2.420514,10.184021,2.793175,28.491857,700.3084,6047.7342,1.3691,-77.10356,20.2126,2572.94087,1210.55758,1362.38329,-0.00504903,0.01315752,-0.02122662,0.00036026,0.14280049,0.01749472,0.47429823,372.08,348.41,8.12548,14.4342,0.40247453,0.00152066,-42.07173,-13.14267,-0.8303591,0.04582,3.68,19.99,5.98,6,8.9125,6.464755893,102,799.86381,-0.187445,1132,-0.058712,0.128733,91,10.578,12.134,12.669,20.959,0.458000087,0.990688221,2.390342,10.225603,11.989592,37.767724,726.4792,6376.78015,1.4056,-76.25919,30.21528,2605.65648,1354.43677,1251.21971,-0.00550854,0.01994868,-0.03306581,0.00097595,0.13538153,0.02677409,0.71422924,282.59,447.07,6.28913,14.9325,0.39687647,0.00292653,-41.61409,-11.70007,-0.799566,0.043666,856.2,938.5,24.2,0.420790468,0.429342968,0.450597512,0.46974505,0.479466069,833.1,895.3,23.8,835.6,902.8,23.4,-0.469681,-0.567715,-0.485153,-0.536785,-0.034228,0.52683,-0.438635,-0.55444,-0.490914,-0.552035,-0.4319145,-0.533245,-0.4976555,-0.56233
21.1372549,0,0.199222152,9.473725908,29.7066049,11.79549069,0,0,0,0,43.18,19.45853537,10.57427358,14.34070902,4,2,4,2,0,6,L170,1.79,2.99,3.08,4.2,4.34,3.6525,0.620297308,89,662.81855,-0.212333,175,-0.027853,0.184479,81,9.512,10.852,13.681,18.384,0.428361721,0.966358284,2.047927,8.6437,2.525368,26.176075,346.4203,5489.05835,1.3531,-46.38969,19.395,2382.37788,1153.40193,1228.97595,-0.0035042,0.01264243,-0.01865791,0.00026547,0.15939917,0.01585341,0.42845907,378.81,288.33,8.43978,14.57419,0.40510738,0.00148429,-41.81476,-13.11186,-0.8046914,0.041011,5.82,5.52,5.98,6.24,5.89,0.260959767,89,662.81855,-0.212075,175,-0.027536,0.184539,89,10.146,10.707,12.73,20.179,0.462651321,0.994431303,1.907112,8.383772,2.37604,15.932952,602.2992,5471.10043,1.3576,-79.51409,17.89048,2485.56563,1144.51939,1341.04624,-0.00595767,0.01135701,-0.02073493,0.00040022,0.10387856,0.01659438,0.44672146,408.06,287.97,8.1551,14.7103,0.40424666,0.00157687,-41.67021,-13.1256,-0.808673,0.042987,4.94,24.97,3.94,4.17,9.505,8.936398883,92,723.76763,-0.212687,1020,-0.037735,0.174952,89,10.146,10.707,12.725,20.181,0.462729003,0.994529864,1.885425,8.380671,11.133472,27.791394,644.0663,5792.56748,1.4001,-71.65356,28.87243,2518.65433,1161.45487,1357.19946,-0.00826483,0.01941409,-0.03195171,0.00082956,0.14347644,0.0262542,0.71212455,258.07,447.22,6.34068,15.18594,0.39861805,0.00298376,-41.26623,-12.15238,-0.7736204,0.037572,813.8,855.4,23.1,0.437036072,0.44054492,0.45114494,0.459499721,0.462747482,788.5,822.7,23.6,800.6,817.5,22.2,-0.467995,-0.565965,-0.4831275,-0.53482,-0.029482,0.51696,-0.4317855,-0.54558,-0.491961,-0.55563,-0.4342025,-0.53494,-0.495718,-0.56091
25.16129032,0,0.199160724,9.473725908,18.6287544,11.79549069,0,0,0,0,43.18,19.45853537,10.21610061,2.356203214,4,2,4,2,0,0,L113,1.39,5.61,5.85,13.31,13.17,9.485,3.756284734,63,416.55619,-0.231831,112,-0.00114,0.230691,59,8.615,7.349,13.88,17.102,0.446166288,0.992571097,1.188176,4.904144,1.968236,17.619359,220.0943,3634.76138,1.2842,-44.26352,17.22427,1672.5521,915.59483,756.95727,-0.00178845,0.01059697,-0.01676952,0.00028238,0.14255451,0.01364915,0.36437451,311.01,157.35,8.38855,14.21437,0.40524685,0.0013847,-41.66481,-13.10941,-0.7670277,0.035688,5.35,6.07,10.24,10.23,7.9725,2.276778151,63,416.55619,-0.229455,112,-0.000373,0.229083,59,9.84,7.528,12.654,19.664,0.493499975,0.999186992,1.13739,5.128393,1.606058,18.770101,288.5207,3626.88692,1.287,-76.07485,16.41829,1679.82379,980.30052,699.52327,-0.00190055,0.01009599,-0.01871231,0.00051746,0.0774722,0.01410041,0.37236208,326.57,143.83,8.0398,14.02091,0.40472102,0.00146687,-41.58387,-13.12843,-0.767262,0.035095,21.53,26.61,5.82,6.52,15.12,9.131787886,66,477.50527,-0.225546,665,-0.038531,0.187015,59,9.84,7.52,12.656,19.664,0.493574297,0.999186992,1.140659,5.125203,11.126214,42.939094,340.8274,3942.76535,1.3571,-71.34792,28.49215,1770.81276,1148.82226,621.9905,0.00133186,0.02126565,-0.03548604,0.00125425,0.07823166,0.02588096,0.71458457,161.97,333.91,6.38847,14.44771,0.39656677,0.00380306,-41.10898,-11.39274,-0.7223699,0.031134,566.2,594,20.4,0.4183813,0.409667387,0.397945397,0.384461703,0.369287839,539.5,553.7,19.8,541.8,554.4,19.7,-0.483317,-0.568515,-0.472259,-0.53181,-0.027177,0.49646,-0.4468925,-0.559635,-0.4884495,-0.55142,-0.4445195,-0.54479,-0.4839505,-0.55872
23.63636364,0,0.199805817,9.473725908,29.7066049,11.79549069,0,0,0,0,43.18,19.45853537,10.80025293,15.8516392,4,2,4,2,0,6,L9,2.59,4.6,4.6,5.59,5.67,5.115,0.515776114,115,733.03619,-0.211492,198,-0.02277,0.188722,77,13.36,9.601,11.693,26.13,0.550986842,0.977919162,1.604806,7.262504,2.556365,15.897694,242.2291,6543.66602,1.2553,-43.25062,18.66215,2936.36484,1556.50708,1379.85776,-0.00276624,0.00952193,-0.01662755,0.00029377,0.14356,0.01331092,0.34996581,572.64,249.62,8.39557,14.81929,0.4024231,0.00101626,-40.53821,-12.64825,-0.7684307,0.044526,7.77,7.67,7.56,7.51,7.6275,0.100591998,115,733.03619,-0.209954,198,-0.022019,0.187935,74,9.814,10.734,16.275,19.422,0.41829812,0.989504789,1.876671,8.246742,1.793944,20.727585,495.9765,6534.37626,1.2571,-82.21107,18.63578,2849.99111,1351.08415,1498.90696,-0.00477192,0.00969219,-0.01780957,0.00047875,0.08938315,0.0145349,0.37990895,561.82,236.26,8.14109,14.65143,0.40207559,0.00111303,-40.43152,-13.15085,-0.7735554,0.043707,7.74,24.99,7.17,6.81,11.6775,7.693124772,118,793.98527,-0.209793,1143,-0.036403,0.17339,74,9.814,10.728,16.281,19.417,0.418235472,0.989250051,1.859129,8.230605,10.980042,54.049562,622.764,6851.55191,1.2986,-70.77814,30.31763,2868.12071,1077.48721,1790.63349,-0.0085668,0.02051581,-0.02606683,0.00089692,0.17944099,0.02342923,0.65256816,379.65,423.51,6.2645,15.05817,0.3973521,0.00236984,-39.98139,-12.39354,-0.7434328,0.035405,944.4,1030.4,22.7,0.453379346,0.456849672,0.461668375,0.462568276,0.459029828,949.6,988.6,21.1,930.9,992.5,21.9,-0.474776,-0.564625,-0.4930995,-0.538025,-0.01153,0.50768,-0.441136,-0.54927,-0.491043,-0.548545,-0.4369275,-0.536675,-0.5043335,-0.562715
16.83870968,0,0.193623594,4.736862954,6.606881965,5.897745344,0,0,15.91361969,7.921588092,21.59,9.729267686,5.054932813,1.08409302,2,1,2,1,0,0,L50,-1.1,12.06,17.04,7.19,6.96,10.8125,4.132259521,63,429.53458,-0.210638,115,-0.021045,0.189593,61,8.948,8.281,11.35,17.501,0.471318539,0.977928029,1.493775,5.854503,2.91082,15.391447,253.2894,3776.3707,1.2746,-43.43957,19.07629,1658.80542,783.63598,875.16944,-0.00264456,0.01197403,-0.0157342,0.00018432,0.20289597,0.01393467,0.3798127,293.21,171.3,6.97139,13.9139,0.40271798,0.00140684,-41.87897,-13.1104,-0.7537514,0.030219,15.23,19.93,8.45,6.11,12.43,5.474321876,63,429.53458,-0.195775,115,-0.021085,0.17469,56,7.501,11.129,11.484,14.072,0.383590023,0.938008266,1.935773,8.865782,2.181208,12.343405,191.0734,3776.09135,1.2747,-61.57889,18.94865,1659.81943,833.07228,826.74714,-0.00365369,0.01065771,-0.01807457,0.00029323,0.13237008,0.01463557,0.39053793,299.68,165.11,6.67624,14.17636,0.40289147,0.00142069,-41.66948,-12.91614,-0.7525806,0.03,12.61,25.62,8.1,4.91,12.81,7.88559129,66,490.48366,-0.227678,672,-0.043522,0.184156,56,7.501,10.125,10.8,14.086,0.402330696,0.938941474,1.951101,8.533011,10.789022,35.526765,315.4656,4052.34842,1.3563,-70.12224,29.40805,1682.57243,1034.87121,647.70122,-0.00223936,0.01778944,-0.03424057,0.00123313,0.08446991,0.02470004,0.65639989,218.15,253.02,6.34005,14.57967,0.3979459,0.00310148,-41.55981,-11.01385,-0.7256246,0.026764,556,604.9,22.3,0.489044797,0.510810861,0.518484439,0.513864751,0.499712357,541.6,568,21.1,546.8,572.8,21.5,-0.480523,-0.58899,-0.473713,-0.52831,-0.269089,0.3665,-0.448838,-0.55879,-0.490424,-0.55245,-0.446683,-0.5627,-0.489197,-0.55357
